regime,n_points,hit_rate_12m,calibration_mae_12m_bucket,interval_coverage_12m
risk_off,2,1.0,0.18645083932853712,1.0
risk_on,6,0.6666666666666666,0.40121109020293605,0.6666666666666666
